Name,SKU,Brand,Title_link,Img,Price,product-attribute
Cerveza Lager Botellin,(Ref: 730940),Corona,https://www.lider.cl/supermercado/product/Corona-Cerveza-Lager-Botellin/993393,"https://images.lider.cl/wmtcl?set=imageSize[medium],imageURL[file:/productos/993393a.jpg],options[progressive]&call=url[file:catalog/sizing.chain]&sink=format[jpg],options[progressive]",$4.290,6 Un 330 cc c/u
Pack Cerveza Lager (12 Latas 350cc c/u),(Ref: 523761),Royal Guard,https://www.lider.cl/supermercado/product/Royal-Guard-Pack-Cerveza-Lager-12-Latas-350cc-c-u-/704136,"https://images.lider.cl/wmtcl?set=imageSize[medium],imageURL[file:/productos/704136a.jpg],options[progressive]&call=url[file:catalog/sizing.chain]&sink=format[jpg],options[progressive]",$8.390,12 Un
Cerveza Lager Lata,(Ref: 740575),Budweiser,https://www.lider.cl/supermercado/product/Budweiser-Cerveza-Lager-Lata/852924,"https://images.lider.cl/wmtcl?set=imageSize[medium],imageURL[file:/productos/852924a.jpg],options[progressive]&call=url[file:catalog/sizing.chain]&sink=format[jpg],options[progressive]",$7.490,18 Un 354 cc c/u
Cerveza Lager Botellin,(Ref: 268417),Stella Artois,https://www.lider.cl/supermercado/product/Stella-Artois-Cerveza-Lager-Botellin/307501,"https://images.lider.cl/wmtcl?set=imageSize[medium],imageURL[file:/productos/307501a.jpg],options[progressive]&call=url[file:catalog/sizing.chain]&sink=format[jpg],options[progressive]",$5.490,6 Un 330 cc c/u
Pack Cervezas Lager 12 Latas,(Ref: 534642),Heineken,https://www.lider.cl/supermercado/product/Heineken-Pack-Cervezas-Lager-12-Latas/723081,"https://images.lider.cl/wmtcl?set=imageSize[medium],imageURL[file:/productos/723081a.jpg],options[progressive]&call=url[file:catalog/sizing.chain]&sink=format[jpg],options[progressive]",$5.690,12 Latas 350 cc c/u
Pack Cerveza Calafate Ale 4 Botellas,(Ref: 266682),Austral,https://www.lider.cl/supermercado/product/Austral-Pack-Cerveza-Calafate-Ale-4-Botellas/304289,"https://images.lider.cl/wmtcl?set=imageSize[medium],imageURL[file:/productos/304289a.jpg],options[progressive]&call=url[file:catalog/sizing.chain]&sink=format[jpg],options[progressive]",$5.390,4 Un
Pack Cerveza Lager (6 Botellas 355cc c/u),(Ref: 375636),Royal Guard,https://www.lider.cl/supermercado/product/Royal-Guard-Pack-Cerveza-Lager-6-Botellas-355cc-c-u-/304399,"https://images.lider.cl/wmtcl?set=imageSize[medium],imageURL[file:/productos/304399a.jpg],options[progressive]&call=url[file:catalog/sizing.chain]&sink=format[jpg],options[progressive]",$5.690,6 Un
Cerveza Golden Lata,(Ref: 719261),Cusqueña,https://www.lider.cl/supermercado/product/Cusqueña-Cerveza-Golden-Lata/1044326,"https://images.lider.cl/wmtcl?set=imageSize[medium],imageURL[file:/productos/1044326a.jpg],options[progressive]&call=url[file:catalog/sizing.chain]&sink=format[jpg],options[progressive]",$5.590,12 Un 354 cc c/u
Pack 12 Cervezas Latas 350cc,(Ref: 730912),Sol,https://www.lider.cl/supermercado/product/Sol-Pack-12-Cervezas-Latas-350cc/1064767,"https://images.lider.cl/wmtcl?set=imageSize[medium],imageURL[file:/productos/1064767a.jpg],options[progressive]&call=url[file:catalog/sizing.chain]&sink=format[jpg],options[progressive]",$8.990,12 Un
Pack Cerveza Premium Lager 6 Botellas,(Ref: 402724),Heineken,https://www.lider.cl/supermercado/product/Heineken-Pack-Cerveza-Premium-Lager-6-Botellas/9603,"https://images.lider.cl/wmtcl?set=imageSize[medium],imageURL[file:/productos/9603a.jpg],options[progressive]&call=url[file:catalog/sizing.chain]&sink=format[jpg],options[progressive]",$5.490,6 Botellas 330 cc c/u
Pack Cervezas American Lager 12 Latas,(Ref: 728508),Coors,https://www.lider.cl/supermercado/product/Coors-Pack-Cervezas-American-Lager-12-Latas/1060503,"https://images.lider.cl/wmtcl?set=imageSize[medium],imageURL[file:/productos/1060503a.jpg],options[progressive]&call=url[file:catalog/sizing.chain]&sink=format[jpg],options[progressive]",$5.690,12 u
Cerveza Torobayo Lata,(Ref: 663177),Kunstmann,https://www.lider.cl/supermercado/product/Kunstmann-Cerveza-Torobayo-Lata/946485,"https://images.lider.cl/wmtcl?set=imageSize[medium],imageURL[file:/productos/946485a.jpg],options[progressive]&call=url[file:catalog/sizing.chain]&sink=format[jpg],options[progressive]",$1.000,473 cc
Cerveza Lager Lata,(Ref: 744463),Budweiser,https://www.lider.cl/supermercado/product/Budweiser-Cerveza-Lager-Lata/807074,"https://images.lider.cl/wmtcl?set=imageSize[medium],imageURL[file:/productos/807074a.jpg],options[progressive]&call=url[file:catalog/sizing.chain]&sink=format[jpg],options[progressive]",$5.650,12 Un 354 cc c/u
Cerveza Lager Lata,(Ref: 330529),Becker,https://www.lider.cl/supermercado/product/Becker-Cerveza-Lager-Lata/409526,"https://images.lider.cl/wmtcl?set=imageSize[medium],imageURL[file:/productos/409526a.jpg],options[progressive]&call=url[file:catalog/sizing.chain]&sink=format[jpg],options[progressive]",$5.490,18 Un 354 cc c/u
Pack Cervezas 6 botellas,(Ref: 506095),Sol,https://www.lider.cl/supermercado/product/Sol-Pack-Cervezas-6-botellas/534425,"https://images.lider.cl/wmtcl?set=imageSize[medium],imageURL[file:/productos/534425a.jpg],options[progressive]&call=url[file:catalog/sizing.chain]&sink=format[jpg],options[progressive]",$5.790,6 Botellas 330cc c/u
Pack Cerveza Ale Torobayo 6 Botellas,(Ref: 471813),Kunstmann,https://www.lider.cl/supermercado/product/Kunstmann-Pack-Cerveza-Ale-Torobayo-6-Botellas/614954,"https://images.lider.cl/wmtcl?set=imageSize[medium],imageURL[file:/productos/614954a.jpg],options[progressive]&call=url[file:catalog/sizing.chain]&sink=format[jpg],options[progressive]",$7.190,6 Botellas 330 cc c/u
Pack Cervezas Lager 12 Latas,(Ref: 350839),Escudo,https://www.lider.cl/supermercado/product/Escudo-Pack-Cervezas-Lager-12-Latas/312223,"https://images.lider.cl/wmtcl?set=imageSize[medium],imageURL[file:/productos/312223a.jpg],options[progressive]&call=url[file:catalog/sizing.chain]&sink=format[jpg],options[progressive]",$4.750,12 Latas 350 cc c/u
Pack Cervezas Sin Alcohol 6 Botellas,(Ref: 705421),Mahou,https://www.lider.cl/supermercado/product/Mahou-Pack-Cervezas-Sin-Alcohol-6-Botellas/804716,"https://images.lider.cl/wmtcl?set=imageSize[medium],imageURL[file:/productos/804716a.jpg],options[progressive]&call=url[file:catalog/sizing.chain]&sink=format[jpg],options[progressive]",$3.490,250 ml
Pack Cervezas Premium Lager 6 Latas,(Ref: 384031),Heineken,https://www.lider.cl/supermercado/product/Heineken-Pack-Cervezas-Premium-Lager-6-Latas/937361,"https://images.lider.cl/wmtcl?set=imageSize[medium],imageURL[file:/productos/937361a.jpg],options[progressive]&call=url[file:catalog/sizing.chain]&sink=format[jpg],options[progressive]",$5.450,6 Un
Cerveza Amber Lager Lata,(Ref: 694162),Km 24.7,https://www.lider.cl/supermercado/product/Km-24-7-Cerveza-Amber-Lager-Lata/1000535,"https://images.lider.cl/wmtcl?set=imageSize[medium],imageURL[file:/productos/1000535a.jpg],options[progressive]&call=url[file:catalog/sizing.chain]&sink=format[jpg],options[progressive]",$5.590,4 Un 473 cc c/u
Pack Cerveza Lager 12 Latas,(Ref: 312945),Cristal,https://www.lider.cl/supermercado/product/Cristal-Pack-Cerveza-Lager-12-Latas/312203,"https://images.lider.cl/wmtcl?set=imageSize[medium],imageURL[file:/productos/312203a.jpg],options[progressive]&call=url[file:catalog/sizing.chain]&sink=format[jpg],options[progressive]",$5.990,12 Latas 350 cc c/u
Pack Cerveza Coors Original 5G 6 Botellas,(Ref: 692345),Coors,https://www.lider.cl/supermercado/product/Coors-Pack-Cerveza-Coors-Original-5G-6-Botellas/997706,"https://images.lider.cl/wmtcl?set=imageSize[medium],imageURL[file:/productos/997706a.jpg],options[progressive]&call=url[file:catalog/sizing.chain]&sink=format[jpg],options[progressive]",$5.090,6 unicades de 355 cc c/u
Pack Cervezas IPA Botella,(Ref: 694521),Royal Guard,https://www.lider.cl/supermercado/product/Royal-Guard-Pack-Cervezas-IPA-Botella/1001064,"https://images.lider.cl/wmtcl?set=imageSize[medium],imageURL[file:/productos/1001064a.jpg],options[progressive]&call=url[file:catalog/sizing.chain]&sink=format[jpg],options[progressive]",$5.490,6 botellas de 335 cc
Cerveza de Trigo Pomelo Lata,(Ref: 544790),Schofferhofer,https://www.lider.cl/supermercado/product/Schofferhofer-Cerveza-de-Trigo-Pomelo-Lata/740892,"https://images.lider.cl/wmtcl?set=imageSize[medium],imageURL[file:/productos/740892a.jpg],options[progressive]&call=url[file:catalog/sizing.chain]&sink=format[jpg],options[progressive]",$1.190,500 cc
Cerveza Lager Lata,(Ref: 265495),Becker,https://www.lider.cl/supermercado/product/Becker-Cerveza-Lager-Lata/301415,"https://images.lider.cl/wmtcl?set=imageSize[medium],imageURL[file:/productos/301415a.jpg],options[progressive]&call=url[file:catalog/sizing.chain]&sink=format[jpg],options[progressive]",$3.990,12 Un 354 cc c/u
Pack Cervezas Sin Alcohol 6 Botellas,(Ref: 705720),Heineken,https://www.lider.cl/supermercado/product/Heineken-Pack-Cervezas-Sin-Alcohol-6-Botellas/931875,"https://images.lider.cl/wmtcl?set=imageSize[medium],imageURL[file:/productos/931875a.jpg],options[progressive]&call=url[file:catalog/sizing.chain]&sink=format[jpg],options[progressive]",$5.790,6 Un
Pack Cerveza Lemon Stones 6 Latas,(Ref: 376329),Stones,https://www.lider.cl/supermercado/product/Stones-Pack-Cerveza-Lemon-Stones-6-Latas/304171,"https://images.lider.cl/wmtcl?set=imageSize[medium],imageURL[file:/productos/304171a.jpg],options[progressive]&call=url[file:catalog/sizing.chain]&sink=format[jpg],options[progressive]",$4.850,6 Un
Cerveza Sin Alcohol Lata,(Ref: 705420),Mahou,https://www.lider.cl/supermercado/product/Mahou-Cerveza-Sin-Alcohol-Lata/804712,"https://images.lider.cl/wmtcl?set=imageSize[medium],imageURL[file:/productos/804712a.jpg],options[progressive]&call=url[file:catalog/sizing.chain]&sink=format[jpg],options[progressive]",$730,330 ml
Pack Cervezas 12 Latas,(Ref: 412252),Miller,https://www.lider.cl/supermercado/product/Miller--Pack-Cervezas-12-Latas/521953,"https://images.lider.cl/wmtcl?set=imageSize[medium],imageURL[file:/productos/521953a.jpg],options[progressive]&call=url[file:catalog/sizing.chain]&sink=format[jpg],options[progressive]",$7.990,12 Un
Cerveza Lager Lata,(Ref: 380094),Stella Artois,https://www.lider.cl/supermercado/product/Stella-Artois-Cerveza-Lager-Lata/260878,"https://images.lider.cl/wmtcl?set=imageSize[medium],imageURL[file:/productos/260878a.jpg],options[progressive]&call=url[file:catalog/sizing.chain]&sink=format[jpg],options[progressive]",$5.690,12 Un 354 cc c/u
Pack Cerveza Royal Guard Amber Ale 6 Latas,(Ref: 728504),Royal Guard,https://www.lider.cl/supermercado/product/Royal-Guard-Pack-Cerveza-Royal-Guard-Amber-Ale-6-Latas/1060499,"https://images.lider.cl/wmtcl?set=imageSize[medium],imageURL[file:/productos/1060499a.jpg],options[progressive]&call=url[file:catalog/sizing.chain]&sink=format[jpg],options[progressive]",$5.490,6 u
Pack Cervezas 6 Botellas,(Ref: 392665),Miller,https://www.lider.cl/supermercado/product/Miller-Pack-Cervezas-6-Botellas/274794,"https://images.lider.cl/wmtcl?set=imageSize[medium],imageURL[file:/productos/274794a.jpg],options[progressive]&call=url[file:catalog/sizing.chain]&sink=format[jpg],options[progressive]",$6.790,355 cc
Cerveza Golden Lata,(Ref: 720113),Cusqueña,https://www.lider.cl/supermercado/product/Cusqueña-Cerveza-Golden-Lata/626768,"https://images.lider.cl/wmtcl?set=imageSize[medium],imageURL[file:/productos/626768a.jpg],options[progressive]&call=url[file:catalog/sizing.chain]&sink=format[jpg],options[progressive]",$2.990,6 Un 354 cc c/u
Cerveza Lager Botellin,(Ref: 730944),Corona,https://www.lider.cl/supermercado/product/Corona-Cerveza-Lager-Botellin/384442,"https://images.lider.cl/wmtcl?set=imageSize[medium],imageURL[file:/productos/384442a.jpg],options[progressive]&call=url[file:catalog/sizing.chain]&sink=format[jpg],options[progressive]",$11.690,12 Un 330 cc c/u
Pack Cerveza Kross Golden Ale 4 Botellas,(Ref: 327582),Kross,https://www.lider.cl/supermercado/product/Kross-Pack-Cerveza-Kross-Golden-Ale-4-Botellas/274744,"https://images.lider.cl/wmtcl?set=imageSize[medium],imageURL[file:/productos/274744a.jpg],options[progressive]&call=url[file:catalog/sizing.chain]&sink=format[jpg],options[progressive]",$4.350,330 cc
Cerveza Cero Lata,(Ref: 709678),Heineken,https://www.lider.cl/supermercado/product/Heineken-Cerveza-Cero-Lata/1026957,"https://images.lider.cl/wmtcl?set=imageSize[medium],imageURL[file:/productos/1026957a.jpg],options[progressive]&call=url[file:catalog/sizing.chain]&sink=format[jpg],options[progressive]",$890,350 cc
Pack Cervezas 4.6G 330 cc c/u Botella,(Ref: 750913),Imperial,https://www.lider.cl/supermercado/product/Imperial-Pack-Cervezas-4-6G-330-cc-c-u-Botella/1100399,"https://images.lider.cl/wmtcl?set=imageSize[medium],imageURL[file:/productos/1100399a.jpg],options[progressive]&call=url[file:catalog/sizing.chain]&sink=format[jpg],options[progressive]",$3.090,6 un
Pack cerveza Estrella Damm botella,(Ref: 471811),Damm,https://www.lider.cl/supermercado/product/Damm-Pack-cerveza-Estrella-Damm-botella/937889,"https://images.lider.cl/wmtcl?set=imageSize[medium],imageURL[file:/productos/937889a.jpg],options[progressive]&call=url[file:catalog/sizing.chain]&sink=format[jpg],options[progressive]",$5.750,330 cc
Pack Cerveza Lager (6 Latas 350cc c/u),(Ref: 266797),Royal Guard,https://www.lider.cl/supermercado/product/Royal-Guard-Pack-Cerveza-Lager-6-Latas-350cc-c-u-/304423,"https://images.lider.cl/wmtcl?set=imageSize[medium],imageURL[file:/productos/304423a.jpg],options[progressive]&call=url[file:catalog/sizing.chain]&sink=format[jpg],options[progressive]",$4.690,6 Un
Cerveza Artesanal Bock Chocolate Naranja 5° G Botella,(Ref: 562262),Volcanes Del Sur,https://www.lider.cl/supermercado/product/Volcanes-Del-Sur-Cerveza-Artesanal-Bock-Chocolate-Naranja-5-G-Botella/771572,"https://images.lider.cl/wmtcl?set=imageSize[medium],imageURL[file:/productos/771572a.jpg],options[progressive]&call=url[file:catalog/sizing.chain]&sink=format[jpg],options[progressive]",$1.550,350 cc
,,,,,,
Cerveza Lager Lata,(Ref: 262895),Stella Artois,https://www.lider.cl/supermercado/product/Stella-Artois-Cerveza-Lager-Lata/299185,"https://images.lider.cl/wmtcl?set=imageSize[medium],imageURL[file:/productos/299185a.jpg],options[progressive]&call=url[file:catalog/sizing.chain]&sink=format[jpg],options[progressive]",$4.990,6 Un 354 cc c/u
Cerveza Belgian Witbier Botella,(Ref: 606033),Hoegaarden,https://www.lider.cl/supermercado/product/Hoegaarden-Cerveza-Belgian-Witbier-Botella/849190,"https://images.lider.cl/wmtcl?set=imageSize[medium],imageURL[file:/productos/849190a.jpg],options[progressive]&call=url[file:catalog/sizing.chain]&sink=format[jpg],options[progressive]",$1.250,330 cc
Cerveza Lager Botellin,(Ref: 801146),Budweiser,https://www.lider.cl/supermercado/product/Budweiser-Cerveza-Lager-Botellin/304209,"https://images.lider.cl/wmtcl?set=imageSize[medium],imageURL[file:/productos/304209a.jpg],options[progressive]&call=url[file:catalog/sizing.chain]&sink=format[jpg],options[progressive]",$4.990,6 Un 355 cc c/u
Cerveza Artesanal Summer Lúcuma 4° G Botella,(Ref: 562261),Volcanes Del Sur,https://www.lider.cl/supermercado/product/Volcanes-Del-Sur-Cerveza-Artesanal-Summer-Lúcuma-4-G-Botella/771570,"https://images.lider.cl/wmtcl?set=imageSize[medium],imageURL[file:/productos/771570a.jpg],options[progressive]&call=url[file:catalog/sizing.chain]&sink=format[jpg],options[progressive]",$1.550,350 cc
Cerveza Artesanal Bock Chocolate 5° G Botella,(Ref: 387523),Volcanes Del Sur,https://www.lider.cl/supermercado/product/Volcanes-Del-Sur-Cerveza-Artesanal-Bock-Chocolate-5-G-Botella/479015,"https://images.lider.cl/wmtcl?set=imageSize[medium],imageURL[file:/productos/479015a.jpg],options[progressive]&call=url[file:catalog/sizing.chain]&sink=format[jpg],options[progressive]",$1.250,350 cc
Cerveza Kross 5 Aniversario Botella,(Ref: 735494),Kross,https://www.lider.cl/supermercado/product/Kross-Cerveza-Kross-5-Aniversario-Botella/289357,"https://images.lider.cl/wmtcl?set=imageSize[medium],imageURL[file:/productos/289357a.jpg],options[progressive]&call=url[file:catalog/sizing.chain]&sink=format[jpg],options[progressive]",$3.840,750 cc
Cerveza Lager Lata,(Ref: 268488),Becker,https://www.lider.cl/supermercado/product/Becker-Cerveza-Lager-Lata/307633,"https://images.lider.cl/wmtcl?set=imageSize[medium],imageURL[file:/productos/307633a.jpg],options[progressive]&call=url[file:catalog/sizing.chain]&sink=format[jpg],options[progressive]",$2.190,6 Un 354 cc c/u
Cerveza sin Alcohol Classic Lata,(Ref: 544789),Clausthaler,https://www.lider.cl/supermercado/product/Clausthaler-Cerveza-sin-Alcohol-Classic-Lata/740890,"https://images.lider.cl/wmtcl?set=imageSize[medium],imageURL[file:/productos/740890a.jpg],options[progressive]&call=url[file:catalog/sizing.chain]&sink=format[jpg],options[progressive]",$1.290,500 ml
Cerveza sin Alcohol Sabor Limón Botella,(Ref: 393560),Clausthaler,https://www.lider.cl/supermercado/product/Clausthaler-Cerveza-sin-Alcohol-Sabor-Limón-Botella/489250,"https://images.lider.cl/wmtcl?set=imageSize[medium],imageURL[file:/productos/489250a.jpg],options[progressive]&call=url[file:catalog/sizing.chain]&sink=format[jpg],options[progressive]",$1.550,330 ml
Cerveza Lager Botellin,(Ref: 476242),Modelo,https://www.lider.cl/supermercado/product/Modelo-Cerveza-Lager-Botellin/622543,"https://images.lider.cl/wmtcl?set=imageSize[medium],imageURL[file:/productos/622543a.jpg],options[progressive]&call=url[file:catalog/sizing.chain]&sink=format[jpg],options[progressive]",$1.190,355 cc
Cerveza Ale Ámbar Botella,(Ref: 253203),Del Puerto,https://www.lider.cl/supermercado/product/Del-Puerto-Cerveza-Ale-Ámbar-Botella/285523,"https://images.lider.cl/wmtcl?set=imageSize[medium],imageURL[file:/productos/285523a.jpg],options[progressive]&call=url[file:catalog/sizing.chain]&sink=format[jpg],options[progressive]",$1.190,330 cc
Cerveza Ale Gran Torobayo Botella,(Ref: 246955),Kunstmann,https://www.lider.cl/supermercado/product/Kunstmann-Cerveza-Ale-Gran-Torobayo-Botella/276334,"https://images.lider.cl/wmtcl?set=imageSize[medium],imageURL[file:/productos/276334a.jpg],options[progressive]&call=url[file:catalog/sizing.chain]&sink=format[jpg],options[progressive]",$2.750,500 cc
Cerveza Negra Botellin,(Ref: 624638),Modelo,https://www.lider.cl/supermercado/product/Modelo-Cerveza-Negra-Botellin/880289,"https://images.lider.cl/wmtcl?set=imageSize[medium],imageURL[file:/productos/880289a.jpg],options[progressive]&call=url[file:catalog/sizing.chain]&sink=format[jpg],options[progressive]",$1.190,355 cc
Cerveza Lager Porter Stout Botella,(Ref: 253212),Del Puerto,https://www.lider.cl/supermercado/product/Del-Puerto-Cerveza-Lager-Porter-Stout-Botella/285541,"https://images.lider.cl/wmtcl?set=imageSize[medium],imageURL[file:/productos/285541a.jpg],options[progressive]&call=url[file:catalog/sizing.chain]&sink=format[jpg],options[progressive]",$1.190,330 cc
Cerveza Artesanal Hoppy IPA 6° G Botella,(Ref: 708298),Volcanes Del Sur,https://www.lider.cl/supermercado/product/Volcanes-Del-Sur-Cerveza-Artesanal-Hoppy-IPA-6-G-Botella/1024542,"https://images.lider.cl/wmtcl?set=imageSize[medium],imageURL[file:/productos/1024542a.jpg],options[progressive]&call=url[file:catalog/sizing.chain]&sink=format[jpg],options[progressive]",$1.550,350 cc
Cerveza Inedit Damm Botella,(Ref: 658304),Damm,https://www.lider.cl/supermercado/product/Damm-Cerveza-Inedit-Damm-Botella/937887,"https://images.lider.cl/wmtcl?set=imageSize[medium],imageURL[file:/productos/937887a.jpg],options[progressive]&call=url[file:catalog/sizing.chain]&sink=format[jpg],options[progressive]",$1.390,330 cc
Cerveza Lager Lata,(Ref: 801151),Budweiser,https://www.lider.cl/supermercado/product/Budweiser-Cerveza-Lager-Lata/804232,"https://images.lider.cl/wmtcl?set=imageSize[medium],imageURL[file:/productos/804232a.jpg],options[progressive]&call=url[file:catalog/sizing.chain]&sink=format[jpg],options[progressive]",$2.890,6 Un 354 cc c/u
"Cerveza Artesanal Doppel Bock 6,5° G Botella",(Ref: 387527),Volcanes Del Sur,https://www.lider.cl/supermercado/product/Volcanes-Del-Sur-Cerveza-Artesanal-Doppel-Bock-6-5-G-Botella/479023,"https://images.lider.cl/wmtcl?set=imageSize[medium],imageURL[file:/productos/479023a.jpg],options[progressive]&call=url[file:catalog/sizing.chain]&sink=format[jpg],options[progressive]",$1.250,350 cc
Pack Cerveza Kross Stout 4 Botellas,(Ref: 327600),Kross,https://www.lider.cl/supermercado/product/Kross-Pack-Cerveza-Kross-Stout-4-Botellas/274758,"https://images.lider.cl/wmtcl?set=imageSize[medium],imageURL[file:/productos/274758a.jpg],options[progressive]&call=url[file:catalog/sizing.chain]&sink=format[jpg],options[progressive]",$5.490,330 cc
Caja Cervezas Botella 5G 330 cc c/u,(Ref: 748948),Estrella Damm,https://www.lider.cl/supermercado/product/Estrella-Damm-Caja-Cervezas-Botella-5G-330-cc-c-u/1096799,"https://images.lider.cl/wmtcl?set=imageSize[medium],imageURL[file:/productos/1096799a.jpg],options[progressive]&call=url[file:catalog/sizing.chain]&sink=format[jpg],options[progressive]",$21.890,24 un
Pack Cerveza Kross Malbock 4 Botellas,(Ref: 690673),Kross,https://www.lider.cl/supermercado/product/Kross-Pack-Cerveza-Kross-Malbock-4-Botellas/571229,"https://images.lider.cl/wmtcl?set=imageSize[medium],imageURL[file:/productos/571229a.jpg],options[progressive]&call=url[file:catalog/sizing.chain]&sink=format[jpg],options[progressive]",$5.190,330 cc
Pack Cervezas Lager 6 Latas,(Ref: 363590),Escudo,https://www.lider.cl/supermercado/product/Escudo-Pack-Cervezas-Lager-6-Latas/310123,"https://images.lider.cl/wmtcl?set=imageSize[medium],imageURL[file:/productos/310123a.jpg],options[progressive]&call=url[file:catalog/sizing.chain]&sink=format[jpg],options[progressive]",$3.390,6 Latas 350cc c/u
"Cerveza Artesanal Premium Lager 4,6° G Botella",(Ref: 387526),Volcanes Del Sur,https://www.lider.cl/supermercado/product/Volcanes-Del-Sur-Cerveza-Artesanal-Premium-Lager-4-6-G-Botella/479021,"https://images.lider.cl/wmtcl?set=imageSize[medium],imageURL[file:/productos/479021a.jpg],options[progressive]&call=url[file:catalog/sizing.chain]&sink=format[jpg],options[progressive]",$1.250,350 cc
Pack Cerveza Lager 6 Latas,(Ref: 363574),Cristal,https://www.lider.cl/supermercado/product/Cristal-Pack-Cerveza-Lager-6-Latas/310085,"https://images.lider.cl/wmtcl?set=imageSize[medium],imageURL[file:/productos/310085a.jpg],options[progressive]&call=url[file:catalog/sizing.chain]&sink=format[jpg],options[progressive]",$3.590,6 Latas 350 cc c/u
Pack Cerveza Bock 4 Botellas,(Ref: 350233),Kunstmann,https://www.lider.cl/supermercado/product/Kunstmann-Pack-Cerveza-Bock-4-Botellas/269620,"https://images.lider.cl/wmtcl?set=imageSize[medium],imageURL[file:/productos/269620a.jpg],options[progressive]&call=url[file:catalog/sizing.chain]&sink=format[jpg],options[progressive]",$5.790,4 Botellas 330 cc c/u
Pack Cerveza Pils Lager 4 Botellas,(Ref: 327580),Kross,https://www.lider.cl/supermercado/product/Kross-Pack-Cerveza-Pils-Lager-4-Botellas/274774,"https://images.lider.cl/wmtcl?set=imageSize[medium],imageURL[file:/productos/274774a.jpg],options[progressive]&call=url[file:catalog/sizing.chain]&sink=format[jpg],options[progressive]",$5.090,330 cc
Cerveza Light Botellin,(Ref: 461676),Corona,https://www.lider.cl/supermercado/product/Corona-Cerveza-Light-Botellin/304229,"https://images.lider.cl/wmtcl?set=imageSize[medium],imageURL[file:/productos/304229a.jpg],options[progressive]&call=url[file:catalog/sizing.chain]&sink=format[jpg],options[progressive]",$5.990,6 Un 355 cc c/u
Cerveza Negra Dunkel Botella,(Ref: 682191),Mahou,https://www.lider.cl/supermercado/product/Mahou-Cerveza-Negra-Dunkel-Botella/979826,"https://images.lider.cl/wmtcl?set=imageSize[medium],imageURL[file:/productos/979826a.jpg],options[progressive]&call=url[file:catalog/sizing.chain]&sink=format[jpg],options[progressive]",$1.290,330 cc
Cerveza Lager Botella,(Ref: 813768),Stella Artois,https://www.lider.cl/supermercado/product/Stella-Artois-Cerveza-Lager-Botella/1129196,"https://images.lider.cl/wmtcl?set=imageSize[medium],imageURL[file:/productos/1129196a.jpg],options[progressive]&call=url[file:catalog/sizing.chain]&sink=format[jpg],options[progressive]",$1.000,975 cc
Cerveza Pale Ale Botella,(Ref: 253183),Del Puerto,https://www.lider.cl/supermercado/product/Del-Puerto-Cerveza-Pale-Ale-Botella/285483,"https://images.lider.cl/wmtcl?set=imageSize[medium],imageURL[file:/productos/285483a.jpg],options[progressive]&call=url[file:catalog/sizing.chain]&sink=format[jpg],options[progressive]",$1.190,330 cc
Cerveza Lager Lata,(Ref: 664791),Stella Artois,https://www.lider.cl/supermercado/product/Stella-Artois-Cerveza-Lager-Lata/949569,"https://images.lider.cl/wmtcl?set=imageSize[medium],imageURL[file:/productos/949569a.jpg],options[progressive]&call=url[file:catalog/sizing.chain]&sink=format[jpg],options[progressive]",$5.890,6 Un 473 cc c/u
Cerveza de Trigo Premium Hefeweizen Lata,(Ref: 558313),Schofferhofer,https://www.lider.cl/supermercado/product/Schofferhofer-Cerveza-de-Trigo-Premium-Hefeweizen-Lata/764725,"https://images.lider.cl/wmtcl?set=imageSize[medium],imageURL[file:/productos/764725a.jpg],options[progressive]&call=url[file:catalog/sizing.chain]&sink=format[jpg],options[progressive]",$1.290,500 cc
Cerveza Torres del Paine Botella,(Ref: 705852),Austral,https://www.lider.cl/supermercado/product/Austral-Cerveza-Torres-del-Paine-Botella/1020264,"https://images.lider.cl/wmtcl?set=imageSize[medium],imageURL[file:/productos/1020264a.jpg],options[progressive]&call=url[file:catalog/sizing.chain]&sink=format[jpg],options[progressive]",$5.590,4 botellas 330 c/u
Pack Cerveza Cero Alcohol 4 botellas,(Ref: 477480),Mestra,https://www.lider.cl/supermercado/product/Mestra-Pack-Cerveza-Cero-Alcohol-4-botellas/624509,"https://images.lider.cl/wmtcl?set=imageSize[medium],imageURL[file:/productos/624509a.jpg],options[progressive]&call=url[file:catalog/sizing.chain]&sink=format[jpg],options[progressive]",$3.850,330 ml
Cerveza Mahou Clásica Lata,(Ref: 705419),Mahou,https://www.lider.cl/supermercado/product/Mahou-Cerveza-Mahou-Clásica-Lata/716506,"https://images.lider.cl/wmtcl?set=imageSize[medium],imageURL[file:/productos/716506a.jpg],options[progressive]&call=url[file:catalog/sizing.chain]&sink=format[jpg],options[progressive]",$850,500 cc
Cerveza Artesanal Sin Filtrar Lager 5° G Botella,(Ref: 708299),Volcanes Del Sur,https://www.lider.cl/supermercado/product/Volcanes-Del-Sur-Cerveza-Artesanal-Sin-Filtrar-Lager-5-G-Botella/1024544,"https://images.lider.cl/wmtcl?set=imageSize[medium],imageURL[file:/productos/1024544a.jpg],options[progressive]&call=url[file:catalog/sizing.chain]&sink=format[jpg],options[progressive]",$1.550,350 cc
Pack Cerveza Reserva Roja Botella,(Ref: 669514),Alhambra,https://www.lider.cl/supermercado/product/Alhambra-Pack-Cerveza-Reserva-Roja-Botella/958173,"https://images.lider.cl/wmtcl?set=imageSize[medium],imageURL[file:/productos/958173a.jpg],options[progressive]&call=url[file:catalog/sizing.chain]&sink=format[jpg],options[progressive]",$5.990,4 x 330 cc
Cerveza Light Lager Lata,(Ref: 751057),Budlight,https://www.lider.cl/supermercado/product/Budlight-Cerveza-Light-Lager-Lata/1100671,"https://images.lider.cl/wmtcl?set=imageSize[medium],imageURL[file:/productos/1100671a.jpg],options[progressive]&call=url[file:catalog/sizing.chain]&sink=format[jpg],options[progressive]",$8.390,12 Un 355 cc c/u
Pack Cervezas 5 Estrellas Sin Gluten 6 Botellas,(Ref: 623693),Mahou,https://www.lider.cl/supermercado/product/Mahou-Pack-Cervezas-5-Estrellas-Sin-Gluten-6-Botellas/878597,"https://images.lider.cl/wmtcl?set=imageSize[medium],imageURL[file:/productos/878597a.jpg],options[progressive]&call=url[file:catalog/sizing.chain]&sink=format[jpg],options[progressive]",$8.050,330 cc
"Cerveza Artesanal Strong Lager 6,5° G Botella",(Ref: 639903),Volcanes Del Sur,https://www.lider.cl/supermercado/product/Volcanes-Del-Sur-Cerveza-Artesanal-Strong-Lager-6-5-G-Botella/905844,"https://images.lider.cl/wmtcl?set=imageSize[medium],imageURL[file:/productos/905844a.jpg],options[progressive]&call=url[file:catalog/sizing.chain]&sink=format[jpg],options[progressive]",$1.350,350 cc
Cerveza Voll Damm Doble Malta Botella,(Ref: 562258),Damm,https://www.lider.cl/supermercado/product/Damm-Cerveza-Voll-Damm-Doble-Malta-Botella/771564,"https://images.lider.cl/wmtcl?set=imageSize[medium],imageURL[file:/productos/771564a.jpg],options[progressive]&call=url[file:catalog/sizing.chain]&sink=format[jpg],options[progressive]",$1.190,330 cc
Cerveza Imperial Stout Botella,(Ref: 555623),Quimera,https://www.lider.cl/supermercado/product/Quimera-Cerveza-Imperial-Stout-Botella/760136,"https://images.lider.cl/wmtcl?set=imageSize[medium],imageURL[file:/productos/760136a.jpg],options[progressive]&call=url[file:catalog/sizing.chain]&sink=format[jpg],options[progressive]",$1.190,330 cc
"Cerveza Artesanal Doble Malta 7,5° G Botella",(Ref: 708300),Volcanes Del Sur,https://www.lider.cl/supermercado/product/Volcanes-Del-Sur-Cerveza-Artesanal-Doble-Malta-7-5-G-Botella/1024546,"https://images.lider.cl/wmtcl?set=imageSize[medium],imageURL[file:/productos/1024546a.jpg],options[progressive]&call=url[file:catalog/sizing.chain]&sink=format[jpg],options[progressive]",$1.550,350 cc
Pack Cervezas 6 Botellas,(Ref: 693025),Grolsch,https://www.lider.cl/supermercado/product/Grolsch-Pack-Cervezas-6-Botellas/998666,"https://images.lider.cl/wmtcl?set=imageSize[medium],imageURL[file:/productos/998666a.jpg],options[progressive]&call=url[file:catalog/sizing.chain]&sink=format[jpg],options[progressive]",$5.950,6 Un
Pack Cervezas Premium Lager 6 Latas,(Ref: 255825),Grolsch,https://www.lider.cl/supermercado/product/Grolsch-Pack-Cervezas-Premium-Lager-6-Latas/289823,"https://images.lider.cl/wmtcl?set=imageSize[medium],imageURL[file:/productos/289823a.jpg],options[progressive]&call=url[file:catalog/sizing.chain]&sink=format[jpg],options[progressive]",$5.490,6 Latas 330 cc c/u
Cerveza Liefmans Fruitesse 3.8G,(Ref: 736322),Liefmans,https://www.lider.cl/supermercado/product/Liefmans-Cerveza-Liefmans-Fruitesse-3-8G/1073725,"https://images.lider.cl/wmtcl?set=imageSize[medium],imageURL[file:/productos/1073725a.jpg],options[progressive]&call=url[file:catalog/sizing.chain]&sink=format[jpg],options[progressive]",$2.490,250 cc
"Cerveza Ipa 5,5° Botella",(Ref: 704090),Quimera,https://www.lider.cl/supermercado/product/Quimera-Cerveza-Ipa-5-5-Botella/1017791,"https://images.lider.cl/wmtcl?set=imageSize[medium],imageURL[file:/productos/1017791a.jpg],options[progressive]&call=url[file:catalog/sizing.chain]&sink=format[jpg],options[progressive]",$1.190,330 cc
Cerveza Scotch Ale Botella,(Ref: 692611),Mestra,https://www.lider.cl/supermercado/product/Mestra-Cerveza-Scotch-Ale-Botella/407531,"https://images.lider.cl/wmtcl?set=imageSize[medium],imageURL[file:/productos/407531a.jpg],options[progressive]&call=url[file:catalog/sizing.chain]&sink=format[jpg],options[progressive]",$1.290,330 cc
Pack Cervezas 6 Latas,(Ref: 363535),Miller,https://www.lider.cl/supermercado/product/Miller-Pack-Cervezas-6-Latas/292787,"https://images.lider.cl/wmtcl?set=imageSize[medium],imageURL[file:/productos/292787a.jpg],options[progressive]&call=url[file:catalog/sizing.chain]&sink=format[jpg],options[progressive]",$5.850,355 cc
Cerveza Light Lager Botellin,(Ref: 728904),Budlight,https://www.lider.cl/supermercado/product/Budlight-Cerveza-Light-Lager-Botellin/1061163,"https://images.lider.cl/wmtcl?set=imageSize[medium],imageURL[file:/productos/1061163a.jpg],options[progressive]&call=url[file:catalog/sizing.chain]&sink=format[jpg],options[progressive]",$5.190,6 Un 355 cc c/u
Cerveza APA - American Pale Ale Botella,(Ref: 692609),Mestra,https://www.lider.cl/supermercado/product/Mestra-Cerveza-APA-American-Pale-Ale-Botella/998096,"https://images.lider.cl/wmtcl?set=imageSize[medium],imageURL[file:/productos/998096a.jpg],options[progressive]&call=url[file:catalog/sizing.chain]&sink=format[jpg],options[progressive]",$1.290,330 cc
Cerveza Kalnapilis Grand Select,(Ref: 607940),Kalnapilis,https://www.lider.cl/supermercado/product/Kalnapilis-Cerveza-Kalnapilis-Grand-Select/851948,"https://images.lider.cl/wmtcl?set=imageSize[medium],imageURL[file:/productos/851948a.jpg],options[progressive]&call=url[file:catalog/sizing.chain]&sink=format[jpg],options[progressive]",$1.290,568 cc
Cerveza Kalnapilis sin Alcohol Lata,(Ref: 607939),Kalnapilis,https://www.lider.cl/supermercado/product/Kalnapilis-Cerveza-Kalnapilis-sin-Alcohol-Lata/851946,"https://images.lider.cl/wmtcl?set=imageSize[medium],imageURL[file:/productos/851946a.jpg],options[progressive]&call=url[file:catalog/sizing.chain]&sink=format[jpg],options[progressive]",$1.290,500 ml
Cerveza Amber Ale Botella,(Ref: 555622),Quimera,https://www.lider.cl/supermercado/product/Quimera-Cerveza-Amber-Ale-Botella/760134,"https://images.lider.cl/wmtcl?set=imageSize[medium],imageURL[file:/productos/760134a.jpg],options[progressive]&call=url[file:catalog/sizing.chain]&sink=format[jpg],options[progressive]",$1.190,330 cc
Pack Cerveza Stout 4 botellas,(Ref: 329430),Mestra,https://www.lider.cl/supermercado/product/Mestra-Pack-Cerveza-Stout-4-botellas/407537,"https://images.lider.cl/wmtcl?set=imageSize[medium],imageURL[file:/productos/407537a.jpg],options[progressive]&call=url[file:catalog/sizing.chain]&sink=format[jpg],options[progressive]",$4.150,4 Botellas 330 cc c/u
Cerveza Pale Ale Botella,(Ref: 555621),Quimera,https://www.lider.cl/supermercado/product/Quimera-Cerveza-Pale-Ale-Botella/760132,"https://images.lider.cl/wmtcl?set=imageSize[medium],imageURL[file:/productos/760132a.jpg],options[progressive]&call=url[file:catalog/sizing.chain]&sink=format[jpg],options[progressive]",$1.190,330 cc
Cerveza Scottish Amber Ale Botella,(Ref: 735489),Del Puerto,https://www.lider.cl/supermercado/product/Del-Puerto-Cerveza-Scottish-Amber-Ale-Botella/936505,"https://images.lider.cl/wmtcl?set=imageSize[medium],imageURL[file:/productos/936505a.jpg],options[progressive]&call=url[file:catalog/sizing.chain]&sink=format[jpg],options[progressive]",$1.670,330 cc
Cerveza Belgian Duvel 8.5G Botella,(Ref: 736321),Duvel,https://www.lider.cl/supermercado/product/Duvel-Cerveza-Belgian-Duvel-8-5G-Botella/1073723,"https://images.lider.cl/wmtcl?set=imageSize[medium],imageURL[file:/productos/1073723a.jpg],options[progressive]&call=url[file:catalog/sizing.chain]&sink=format[jpg],options[progressive]",$2.350,330 cc
Cerveza IPA Botella,(Ref: 735492),Del Puerto,https://www.lider.cl/supermercado/product/Del-Puerto-Cerveza-IPA-Botella/945437,"https://images.lider.cl/wmtcl?set=imageSize[medium],imageURL[file:/productos/945437a.jpg],options[progressive]&call=url[file:catalog/sizing.chain]&sink=format[jpg],options[progressive]",$1.670,330 cc
Pack Cerveza Amber Ale 4 botellas,(Ref: 253368),Mestra,https://www.lider.cl/supermercado/product/Mestra-Pack-Cerveza-Amber-Ale-4-botellas/285829,"https://images.lider.cl/wmtcl?set=imageSize[medium],imageURL[file:/productos/285829a.jpg],options[progressive]&call=url[file:catalog/sizing.chain]&sink=format[jpg],options[progressive]",$4.150,4 Botellas 330 cc c/u
Pack Cervezas 5 Estrellas 6 Botellas,(Ref: 705422),Mahou,https://www.lider.cl/supermercado/product/Mahou-Pack-Cervezas-5-Estrellas-6-Botellas/877414,"https://images.lider.cl/wmtcl?set=imageSize[medium],imageURL[file:/productos/877414a.jpg],options[progressive]&call=url[file:catalog/sizing.chain]&sink=format[jpg],options[progressive]",$5.990,330 cc
Pack Cervezas 12 Botellas,(Ref: 662276),Miller,https://www.lider.cl/supermercado/product/Miller-Pack-Cervezas-12-Botellas/944817,"https://images.lider.cl/wmtcl?set=imageSize[medium],imageURL[file:/productos/944817a.jpg],options[progressive]&call=url[file:catalog/sizing.chain]&sink=format[jpg],options[progressive]",$12.990,355 cc
Cerveza Robust Porter Botella,(Ref: 735490),Del Puerto,https://www.lider.cl/supermercado/product/Del-Puerto-Cerveza-Robust-Porter-Botella/936507,"https://images.lider.cl/wmtcl?set=imageSize[medium],imageURL[file:/productos/936507a.jpg],options[progressive]&call=url[file:catalog/sizing.chain]&sink=format[jpg],options[progressive]",$1.670,330 cc
Cerveza German Pils Botellin,(Ref: 310823),Beck's,https://www.lider.cl/supermercado/product/Beck-s-Cerveza-German-Pils-Botellin/302005,"https://images.lider.cl/wmtcl?set=imageSize[medium],imageURL[file:/productos/302005a.jpg],options[progressive]&call=url[file:catalog/sizing.chain]&sink=format[jpg],options[progressive]",$5.290,6 Un 330 cc c/u
Cerveza Dunkel Weizen Botella,(Ref: 735491),Del Puerto,https://www.lider.cl/supermercado/product/Del-Puerto-Cerveza-Dunkel-Weizen-Botella/936509,"https://images.lider.cl/wmtcl?set=imageSize[medium],imageURL[file:/productos/936509a.jpg],options[progressive]&call=url[file:catalog/sizing.chain]&sink=format[jpg],options[progressive]",$1.670,330 cc
Cerveza Kalnapilis Royal Select,(Ref: 607943),Kalnapilis,https://www.lider.cl/supermercado/product/Kalnapilis-Cerveza-Kalnapilis-Royal-Select/851954,"https://images.lider.cl/wmtcl?set=imageSize[medium],imageURL[file:/productos/851954a.jpg],options[progressive]&call=url[file:catalog/sizing.chain]&sink=format[jpg],options[progressive]",$1.290,568 cc
Cerveza sin Alcohol Botella,(Ref: 393559),Clausthaler,https://www.lider.cl/supermercado/product/Clausthaler-Cerveza-sin-Alcohol-Botella/489248,"https://images.lider.cl/wmtcl?set=imageSize[medium],imageURL[file:/productos/489248a.jpg],options[progressive]&call=url[file:catalog/sizing.chain]&sink=format[jpg],options[progressive]",$1.550,330 ml
Pack Cerveza Lager 24 Latas,(Ref: 644563),Cristal,https://www.lider.cl/supermercado/product/Cristal-Pack-Cerveza-Lager-24-Latas/913558,"https://images.lider.cl/wmtcl?set=imageSize[medium],imageURL[file:/productos/913558a.jpg],options[progressive]&call=url[file:catalog/sizing.chain]&sink=format[jpg],options[progressive]",$7.990,24 Un
"Pack Cervezas 4,8 G 12 Latas",(Ref: 739111),Mahou,https://www.lider.cl/supermercado/product/Mahou-Pack-Cervezas-4-8-G-12-Latas/1064533,"https://images.lider.cl/wmtcl?set=imageSize[medium],imageURL[file:/productos/1064533a.jpg],options[progressive]&call=url[file:catalog/sizing.chain]&sink=format[jpg],options[progressive]",$7.690,12 un
Cerveza Kalnapilis Orginal,(Ref: 607941),Kalnapilis,https://www.lider.cl/supermercado/product/Kalnapilis-Cerveza-Kalnapilis-Orginal/851950,"https://images.lider.cl/wmtcl?set=imageSize[medium],imageURL[file:/productos/851950a.jpg],options[progressive]&call=url[file:catalog/sizing.chain]&sink=format[jpg],options[progressive]",$1.290,568 cc
Cerveza Strong Ale Reserva Botella,(Ref: 735493),Mestra,https://www.lider.cl/supermercado/product/Mestra-Cerveza-Strong-Ale-Reserva-Botella/1032484,"https://images.lider.cl/wmtcl?set=imageSize[medium],imageURL[file:/productos/1032484a.jpg],options[progressive]&call=url[file:catalog/sizing.chain]&sink=format[jpg],options[progressive]",$2.990,750 cc
Cerveza Kalnapilis White Select,(Ref: 607944),Kalnapilis,https://www.lider.cl/supermercado/product/Kalnapilis-Cerveza-Kalnapilis-White-Select/851956,"https://images.lider.cl/wmtcl?set=imageSize[medium],imageURL[file:/productos/851956a.jpg],options[progressive]&call=url[file:catalog/sizing.chain]&sink=format[jpg],options[progressive]",$1.290,568 cc
Cerveza Lager Botella,(Ref: 461674),Corona,https://www.lider.cl/supermercado/product/Corona-Cerveza-Lager-Botella/11413,"https://images.lider.cl/wmtcl?set=imageSize[medium],imageURL[file:/productos/11413a.jpg],options[progressive]&call=url[file:catalog/sizing.chain]&sink=format[jpg],options[progressive]",$1.000,710 cc
Pack Cerveza Daura Damm Sin Gluten 4 Botellas,(Ref: 459944),Estrella damm,https://www.lider.cl/supermercado/product/Estrella-damm-Pack-Cerveza-Daura-Damm-Sin-Gluten-4-Botellas/594877,"https://images.lider.cl/wmtcl?set=imageSize[medium],imageURL[file:/productos/594877a.jpg],options[progressive]&call=url[file:catalog/sizing.chain]&sink=format[jpg],options[progressive]",$6.490,330 cc
Cerveza Strong Ale Botella,(Ref: 735488),Del Puerto,https://www.lider.cl/supermercado/product/Del-Puerto-Cerveza-Strong-Ale-Botella/936503,"https://images.lider.cl/wmtcl?set=imageSize[medium],imageURL[file:/productos/936503a.jpg],options[progressive]&call=url[file:catalog/sizing.chain]&sink=format[jpg],options[progressive]",$1.670,330 cc
Pack Cerveza Blonde Ale 4 botellas,(Ref: 253354),Mestra,https://www.lider.cl/supermercado/product/Mestra-Pack-Cerveza-Blonde-Ale-4-botellas/285805,"https://images.lider.cl/wmtcl?set=imageSize[medium],imageURL[file:/productos/285805a.jpg],options[progressive]&call=url[file:catalog/sizing.chain]&sink=format[jpg],options[progressive]",$4.150,4 Botellas 330 cc c/u
Cerveza Kalnapilis Pilsener,(Ref: 607942),Kalnapilis,https://www.lider.cl/supermercado/product/Kalnapilis-Cerveza-Kalnapilis-Pilsener/851952,"https://images.lider.cl/wmtcl?set=imageSize[medium],imageURL[file:/productos/851952a.jpg],options[progressive]&call=url[file:catalog/sizing.chain]&sink=format[jpg],options[progressive]",$1.290,568 cc
Cerveza 5 Estrellas Premium Botella,(Ref: 544121),Mahou,https://www.lider.cl/supermercado/product/Mahou-Cerveza-5-Estrellas-Premium-Botella/739779,"https://images.lider.cl/wmtcl?set=imageSize[medium],imageURL[file:/productos/739779a.jpg],options[progressive]&call=url[file:catalog/sizing.chain]&sink=format[jpg],options[progressive]",$990,330 ml
Cerveza Lager Botellin,(Ref: 738345),Kona,https://www.lider.cl/supermercado/product/Kona-Cerveza-Lager-Botellin/1077652,"https://images.lider.cl/wmtcl?set=imageSize[medium],imageURL[file:/productos/1077652a.jpg],options[progressive]&call=url[file:catalog/sizing.chain]&sink=format[jpg],options[progressive]",$4.990,6 Un 355 cc c/u
Cerveza Ale Botellin,(Ref: 738344),Kona,https://www.lider.cl/supermercado/product/Kona-Cerveza-Ale-Botellin/1077650,"https://images.lider.cl/wmtcl?set=imageSize[medium],imageURL[file:/productos/1077650a.jpg],options[progressive]&call=url[file:catalog/sizing.chain]&sink=format[jpg],options[progressive]",$4.990,6 Un 355 cc c/u
Cerveza Sol,(Ref: 639165),Sol,https://www.lider.cl/supermercado/product/Sol-Cerveza-Sol/904495,"https://images.lider.cl/wmtcl?set=imageSize[medium],imageURL[file:/productos/904495a.jpg],options[progressive]&call=url[file:catalog/sizing.chain]&sink=format[jpg],options[progressive]",$1.000,710 cc
Cerveza Desechable Lager Botella,(Ref: 702321),Royal Guard,https://www.lider.cl/supermercado/product/Royal-Guard-Cerveza-Desechable-Lager-Botella/849414,"https://images.lider.cl/wmtcl?set=imageSize[medium],imageURL[file:/productos/849414a.jpg],options[progressive]&call=url[file:catalog/sizing.chain]&sink=format[jpg],options[progressive]",$1.000,1 L
Cerveza Red Lager Lata,(Ref: 743717),Austral,https://www.lider.cl/supermercado/product/Austral-Cerveza-Red-Lager-Lata/1060839,"https://images.lider.cl/wmtcl?set=imageSize[medium],imageURL[file:/productos/1060839a.jpg],options[progressive]&call=url[file:catalog/sizing.chain]&sink=format[jpg],options[progressive]",$1.250,470 cc
Cerveza Hoppy Lager Lata,(Ref: 743718),Austral,https://www.lider.cl/supermercado/product/Austral-Cerveza-Hoppy-Lager-Lata/1060841,"https://images.lider.cl/wmtcl?set=imageSize[medium],imageURL[file:/productos/1060841a.jpg],options[progressive]&call=url[file:catalog/sizing.chain]&sink=format[jpg],options[progressive]",$1.250,470 cc
Cerveza maestra Doble Lupulo,(Ref: 773532),Mahou,https://www.lider.cl/supermercado/product/Mahou-Cerveza-maestra-Doble-Lupulo/1142794,"https://images.lider.cl/wmtcl?set=imageSize[medium],imageURL[file:/productos/1142794a.jpg],options[progressive]&call=url[file:catalog/sizing.chain]&sink=format[jpg],options[progressive]",$1.350,330 cc
Cerveza baja en calorías Botella,(Ref: 728635),Kross,https://www.lider.cl/supermercado/product/Kross-Cerveza-baja-en-calorías-Botella/1060719,"https://images.lider.cl/wmtcl?set=imageSize[medium],imageURL[file:/productos/1060719a.jpg],options[progressive]&call=url[file:catalog/sizing.chain]&sink=format[jpg],options[progressive]",$1.350,330 cc
Cerveza Rosé ale Botella,(Ref: 728636),Kross,https://www.lider.cl/supermercado/product/Kross-Cerveza-Rosé-ale-Botella/1060721,"https://images.lider.cl/wmtcl?set=imageSize[medium],imageURL[file:/productos/1060721a.jpg],options[progressive]&call=url[file:catalog/sizing.chain]&sink=format[jpg],options[progressive]",$1.350,330 cc
Cerveza Ak Damm,(Ref: 622956),Estrella Damm,https://www.lider.cl/supermercado/product/Estrella-Damm-Cerveza-Ak-Damm/877416,"https://images.lider.cl/wmtcl?set=imageSize[medium],imageURL[file:/productos/877416a.jpg],options[progressive]&call=url[file:catalog/sizing.chain]&sink=format[jpg],options[progressive]",$1.550,330 cc
Pack 18 Cervezas Latas 350 cc c/u,(Ref: 728512),Royal Guard,https://www.lider.cl/supermercado/product/Royal-Guard-Pack-18-Cervezas-Latas-350-cc-c-u/1060507,"https://images.lider.cl/wmtcl?set=imageSize[medium],imageURL[file:/productos/1060507a.jpg],options[progressive]&call=url[file:catalog/sizing.chain]&sink=format[jpg],options[progressive]",$7.990,18 Un
